k,model,n_clusters_set,global_best,n_cluster
20,DT,10,10.91672152043,9.8
20,DT,15,10.93978945871,14.9
20,DT,20,10.9442949151,19.8
20,DT,25,10.90266449546,24.3
20,DT,30,10.88266026782,28.5
20,DT,35,10.88842725243,33.9
20,DT,40,10.86301647679,37.8
20,DT,45,10.83850679242,41.9
20,DT,50,10.77434908955,46.7
